{
  "name": "unet_deep",
  "architecture": "unet_deep",
  "params": 7762465,
  "best_val_loss": 0.0018985114065118325,
  "final_val_loss": 0.0019154034017656858,
  "val_mse": 0.0018985114293172956,
  "val_psnr": 27.215867839998268,
  "train_losses": [
    0.00658223727544551,
    0.004069285835020053,
    0.0034130435124260857,
    0.003006187916133809,
    0.002696892436463059,
    0.002568138005619167,
    0.0024305954676714704,
    0.002349809628261527,
    0.002278347412500073,
    0.0021730497946733968,
    0.002105582580284571,
    0.002016174319255519,
    0.001938109820923553,
    0.001841131820219007,
    0.001748700366190832,
    0.001696378251452215,
    0.0016042515705936612,
    0.001546567827268339,
    0.0014626163540108887,
    0.001410495398280823,
    0.0013518988461121817,
    0.0013098811606943165,
    0.001294964722913216,
    0.0012256653163853564,
    0.0011927335244866135,
    0.0011465103547660667,
    0.001152587642675761,
    0.0011195886331546283,
    0.0011057586722608842,
    0.0010716843473763983,
    0.0010499424657529263,
    0.0010376063726689067,
    0.0010116608882688649,
    0.0010116561506742891,
    0.0009718768222146892,
    0.000957264532567619,
    0.0009705389193139779,
    0.0009335077989170285,
    0.0009369616295140634,
    0.000918262141515399,
    0.0008892686899019941,
    0.0008868587478384496,
    0.0008802852879954545,
    0.0008577993064653757,
    0.0008505563536538226,
    0.0008357692127620019,
    0.0008197263371156636,
    0.0008101701379160418,
    0.000796679318056149,
    0.0007936034130445316,
    0.0007839840100248635,
    0.000779368542470968,
    0.0007793257926218714,
    0.0007783539648489542,
    0.0007687039574100441,
    0.0007682210970801954,
    0.0007658588182018987,
    0.0007589922433998058,
    0.000759972878285607,
    0.0007602793279332681
  ],
  "val_losses": [
    0.00487161392154984,
    0.0034087455002829816,
    0.0037745767874786487,
    0.0030561351728362915,
    0.0034326871033184803,
    0.002672120216660775,
    0.0025355815407461847,
    0.004859659320746477,
    0.0033239315228106884,
    0.0022103513235178516,
    0.0021299894481228714,
    0.0019718437286046072,
    0.0021463735800427504,
    0.002509353189036632,
    0.0021168975515338854,
    0.0019968976684583304,
    0.002241997345804404,
    0.002062315707548689,
    0.0019271224094793583,
    0.0020194634331915625,
    0.002127562028188736,
    0.0019996371516623557,
    0.0018985114065118325,
    0.0021735951708008847,
    0.002039414541557049,
    0.0022734266340446014,
    0.002024214590828006,
    0.0019307664822404964,
    0.0020099325041071725,
    0.001966267083413326,
    0.0019037055264776333,
    0.001998109931173997,
    0.0019469228379714947,
    0.0019104600583131498,
    0.0021647660699314797,
    0.0019237828703644949,
    0.0019620636482842457,
    0.0019350828211276959,
    0.0021037070520031147,
    0.0023720759380226717,
    0.001923048170044636,
    0.0019341070333925578,
    0.001959401631775575,
    0.0019561714636018644,
    0.0019323058548168495,
    0.0019512685646231357,
    0.0019285662816121028,
    0.0019056697657857185,
    0.0019134437314306315,
    0.0019079665180582266,
    0.00193503734560158,
    0.0019310926930166971,
    0.0019198073262874133,
    0.0019197695107700734,
    0.0019312216680592452,
    0.0019212851515756203,
    0.0019135705293275606,
    0.0019178727044700048,
    0.0019179783522700652,
    0.0019154034017656858
  ]
}