{
  "name": "res_unet",
  "architecture": "res_unet",
  "params": 2012481,
  "best_val_loss": 0.0027709748142231735,
  "final_val_loss": 0.0028308859469894417,
  "val_mse": 0.0027709747664630413,
  "val_psnr": 25.573674290484277,
  "train_losses": [
    0.00471840645057148,
    0.0039961731977077065,
    0.003853917984058138,
    0.003742454668001728,
    0.0036307863753625817,
    0.0036032964530251367,
    0.003534367368034968,
    0.0035268136482012134,
    0.0034974632262127843,
    0.0034386160158817423,
    0.003446916309342432,
    0.0034307447488214847,
    0.0034258567657467487,
    0.0034101416375965643,
    0.003408723241082731,
    0.003405182922683787,
    0.0033773959922389343,
    0.003358215992219555,
    0.0033574501549329876,
    0.0033485023750497505,
    0.0033431145123126896,
    0.003335022382958517,
    0.0033119723454178105,
    0.003319194723378148,
    0.0033332989369889822,
    0.003348423654261308,
    0.0033066987929496207,
    0.0033443590840538423,
    0.0032765832817114077,
    0.0032879586420279604,
    0.003269807191718968,
    0.0032666376004983418,
    0.003276835921737045,
    0.0032508564071149115,
    0.0032447878997923754,
    0.0032450102225659912,
    0.00325058461584191,
    0.0032220550796190493,
    0.0032094185854284426,
    0.003198351861378643,
    0.003211931960704999,
    0.003162212440160866,
    0.0031662511537492517,
    0.0031436597721276657,
    0.0031690047023121603,
    0.0031529346970255597,
    0.003129903864160723,
    0.0031237301336068473,
    0.0031162524529118165,
    0.0030936404390137407,
    0.003082289329909703,
    0.003105683862099703,
    0.0030659170788128365,
    0.003079620804511986,
    0.0030383012455720932,
    0.0030419791134152253,
    0.0030359754924299182,
    0.0030527281599413408,
    0.003052571322442147,
    0.0030409694570097848
  ],
  "val_losses": [
    0.004451933157845186,
    0.004528988498525742,
    0.0037088521756231787,
    0.003746322061962042,
    0.0050748058456258896,
    0.003822573519861087,
    0.006063446805167657,
    0.0037962685773770015,
    0.0033233022985932155,
    0.0037999030637244384,
    0.0060250380377356826,
    0.0077565833061742475,
    0.010345083764539315,
    0.003894611167219969,
    0.003440862883312198,
    0.00851995257421946,
    0.0036069942394701335,
    0.0034395630963337726,
    0.003844221393840435,
    0.003301412794404687,
    0.0069068385479159845,
    0.0035079447865390624,
    0.0058049430263539155,
    0.003259368120955351,
    0.004754705091890616,
    0.00392696749084653,
    0.0032931911763854514,
    0.010456835662898345,
    0.00724093392634621,
    0.003085596257199844,
    0.003619742399224868,
    0.0030323745081057914,
    0.004424221873378906,
    0.00569278719715583,
    0.004072726428604278,
    0.0039048412934136697,
    0.003248733804585078,
    0.003082929148267095,
    0.0033285241497632784,
    0.003810453661836875,
    0.003037204053730537,
    0.005099568538463268,
    0.0029989539347111413,
    0.0033821842442147243,
    0.0030857733610826425,
    0.0033184702350543094,
    0.003327673758642796,
    0.002855055190813847,
    0.00290154926932584,
    0.0028236324208764695,
    0.0030405913195453394,
    0.0033320300426716225,
    0.003081389363759603,
    0.002808925722224208,
    0.0027772806565731,
    0.0028367628226391014,
    0.0028777637222829537,
    0.002782725755793926,
    0.0027709748142231735,
    0.0028308859469894417
  ]
}