{
  "name": "resnet_8blocks",
  "architecture": "resnet",
  "params": 593153,
  "best_val_loss": 0.002968908120901921,
  "final_val_loss": 0.002978535977263863,
  "val_mse": 0.0029689085204154253,
  "val_psnr": 25.274031839098015,
  "train_losses": [
    0.006223750176453679,
    0.004622757816561541,
    0.004322790747355072,
    0.004155241731684981,
    0.004074419465207579,
    0.003985903707374385,
    0.003916279830807737,
    0.0038570619325119593,
    0.0038113852737373427,
    0.0037577008949806374,
    0.0037586503490483875,
    0.0037652672498830054,
    0.0037156629805703235,
    0.003724870694657931,
    0.003721653989059964,
    0.0036899051506087367,
    0.0036949594566842363,
    0.0036354282528523975,
    0.00370781327418068,
    0.0036522764113308126,
    0.003619329945992442,
    0.003625786816475061,
    0.003597220365704614,
    0.0036055612400068566,
    0.003580443791029585,
    0.0035890814161503764,
    0.003554989085865789,
    0.0035738944990985227,
    0.0035417250514673962,
    0.0035710292883775374,
    0.0035338148996535584,
    0.0035087617436190123,
    0.003519758319145373,
    0.0035087799111710467,
    0.0034991947067562145,
    0.0034731046111397094,
    0.0035183504557390363,
    0.003473059906085071,
    0.003441697421952499,
    0.0034518642975683556,
    0.0034417817587543195,
    0.003440097328438832,
    0.0034080197541080867,
    0.003422881582168694,
    0.0033968183787366157,
    0.0033667290256221686,
    0.003363935040428169,
    0.0033536311649238534,
    0.003361654811527444,
    0.003349814791503826,
    0.003329697971479834,
    0.003308157918864155,
    0.003302382430584546,
    0.0032831777152247154,
    0.0032626583562175996,
    0.003267594525444745,
    0.00327669320359082,
    0.003276452974437682,
    0.0032658569213611234,
    0.0032632766665662066
  ],
  "val_losses": [
    0.004643140212656596,
    0.004123899949571261,
    0.004162949361862281,
    0.004575491911039138,
    0.008202120093389963,
    0.004999791931074399,
    0.006210511677826826,
    0.007313004855353099,
    0.008324574355322582,
    0.005495531793970328,
    0.003887666841156972,
    0.004455973199353768,
    0.004751272136584306,
    0.003772426252372754,
    0.004817867869845568,
    0.003599509728165009,
    0.008801778507156249,
    0.007321820419568282,
    0.0037594134164735294,
    0.0038795582415201723,
    0.003989532571763564,
    0.004581259429836885,
    0.004393814033709275,
    0.003610656085686806,
    0.003938274096028927,
    0.0038682194058902754,
    0.005158703917016586,
    0.005111221355409958,
    0.004391094138129399,
    0.0034470470870534577,
    0.00729200845823074,
    0.006929158644320873,
    0.003377817873484813,
    0.0039219127423488175,
    0.003577286005975344,
    0.0042870417624138865,
    0.003745287971523328,
    0.0032406552854734355,
    0.0037075161207944917,
    0.0031483953804350815,
    0.00322921844987342,
    0.0047144308490439865,
    0.0041104465460356995,
    0.0036088869324288307,
    0.003298453185707331,
    0.003152875955431507,
    0.00558640652980942,
    0.003208793296168248,
    0.00378647876998935,
    0.003097005745109457,
    0.003522128906005468,
    0.0029859996097496688,
    0.003397862986685374,
    0.00318448266468178,
    0.002976942230971196,
    0.002997425076766656,
    0.003275006465279521,
    0.0029982550573559143,
    0.002968908120901921,
    0.002978535977263863
  ]
}