{
  "name": "unet_large_batch",
  "architecture": "unet",
  "params": 1926433,
  "best_val_loss": 0.002789032464990249,
  "final_val_loss": 0.002789032464990249,
  "val_mse": 0.0027890324126929045,
  "val_psnr": 25.54546438558663,
  "train_losses": [
    0.005250786899107631,
    0.004325128912086147,
    0.004126000937185025,
    0.003913006799474017,
    0.003681161911195388,
    0.0035647846367486656,
    0.0035229399716091942,
    0.003506724939162512,
    0.0034712287129685985,
    0.0034913546131991663,
    0.0034672033951546138,
    0.0034282518994420085,
    0.0034217280267351954,
    0.003407693915446157,
    0.0033879720482487587,
    0.003382913658669402,
    0.003383554877504686,
    0.003375782481584492,
    0.003370726615637943,
    0.003341402748320629,
    0.003340646044430342,
    0.0033257609888453755,
    0.003311074981667031,
    0.003324993535745562,
    0.003312620740527144,
    0.0033174484492343686,
    0.0032752003463540685,
    0.003296289883136709,
    0.0032741548453788204,
    0.0032705656705768566,
    0.0032571502831511895,
    0.003242213084097253,
    0.0032579239860413326,
    0.003247176958109766,
    0.0032201017113842384,
    0.003212251515993685,
    0.00321565253886315,
    0.003187178361233369,
    0.0031664536240059433,
    0.0031608037058359537,
    0.003172862611751244,
    0.0031537291514668387,
    0.0031470507774853957,
    0.0031198987498623036,
    0.0031184839349813185,
    0.0031178778975035656,
    0.003105024595653158,
    0.0030732487838252796,
    0.0030780099104592193,
    0.0030638134164934256,
    0.0030374044276065067,
    0.0030343731533479593,
    0.0030214835877069015,
    0.0030232669629895615,
    0.003014444141534337,
    0.002995326213309901,
    0.002995236792555142,
    0.002993791693766248,
    0.0029821941856415526,
    0.0029797044742535723
  ],
  "val_losses": [
    0.006494998767589912,
    0.006658693177100175,
    0.01328258963349538,
    0.009274827460638988,
    0.0037242252506220186,
    0.015690206988499714,
    0.009177924310549711,
    0.004436850207738387,
    0.011387735367394411,
    0.003877053014838543,
    0.004369981836718627,
    0.00670822971381056,
    0.003458586177096153,
    0.004263593320472118,
    0.004375463326294453,
    0.003996853907234393,
    0.0048615689924321115,
    0.009902452611579345,
    0.006446232622346053,
    0.014491291239093512,
    0.00768982042486851,
    0.003472244166410886,
    0.004384952517083058,
    0.005461165726375885,
    0.005430264783879885,
    0.005328596944992359,
    0.0038211519433519778,
    0.005155678197550468,
    0.0038304327953702366,
    0.003772575795554962,
    0.010819680608617955,
    0.005645282201182384,
    0.0037448867739966283,
    0.007471541364032489,
    0.0076915334136440205,
    0.003610465543296857,
    0.004725432496708937,
    0.017734604239081724,
    0.006673997321572059,
    0.0047963608853901045,
    0.003778271853255156,
    0.009062212933905614,
    0.0031321240082765236,
    0.003240378151576106,
    0.003368832456568877,
    0.004249722483830575,
    0.0052552030956706935,
    0.0030596962303687364,
    0.0031228530750824855,
    0.0039420391557117304,
    0.0042282791717503316,
    0.003091766840945452,
    0.003074346409441951,
    0.002808135168101543,
    0.0029259314868026053,
    0.002815463881318768,
    0.003026463260921912,
    0.002841949473397854,
    0.002806513444162332,
    0.002789032464990249
  ]
}