{
  "name": "unet_baseline",
  "architecture": "unet",
  "params": 1926433,
  "best_val_loss": 0.00278330115816341,
  "final_val_loss": 0.00278330115816341,
  "val_mse": 0.002783301053568721,
  "val_psnr": 25.554398160043025,
  "train_losses": [
    0.004685069769067883,
    0.004021066182158515,
    0.0038392090347976336,
    0.0036930864567990326,
    0.0036186174691407143,
    0.003540906866788663,
    0.003489661060421955,
    0.0034959947571972846,
    0.0035081243159955774,
    0.0034559388339705514,
    0.003447273159437334,
    0.003456033526287589,
    0.0034391815006587145,
    0.003432387160702876,
    0.0034357958554708766,
    0.0033844322613069684,
    0.0034148085251319827,
    0.0033800995891207423,
    0.003409189260533323,
    0.00338910351626766,
    0.0033564995543958367,
    0.0033618563975052916,
    0.003344183488850772,
    0.003373400702715604,
    0.0033518172109527223,
    0.0033519501361226746,
    0.0033306524825286164,
    0.003299682268548591,
    0.003291816142225555,
    0.0033134815334524663,
    0.003299200859576886,
    0.0032694950064219405,
    0.003287297366802831,
    0.0033076852685727893,
    0.0032528118815087033,
    0.003258125256374981,
    0.0032289740056372605,
    0.00323245199057858,
    0.0032327831468913154,
    0.003208051517130694,
    0.0032183342557978614,
    0.003201953155427226,
    0.003175798896184837,
    0.0031461150869324943,
    0.003172039616596602,
    0.0031615576027878706,
    0.003119254219691381,
    0.003136639873950909,
    0.0031193606286371244,
    0.0030937477163266638,
    0.0030931689549745255,
    0.003097607351100517,
    0.0030791696562593885,
    0.00306770398433593,
    0.00305241348621575,
    0.003049322811612676,
    0.0030565607169072435,
    0.003035603978780479,
    0.00303894306228882,
    0.0030509429251053717
  ],
  "val_losses": [
    0.004554812300663728,
    0.004427991197086298,
    0.007864290156807655,
    0.003688741622444911,
    0.005992509177766549,
    0.010442278733811317,
    0.003857043555531746,
    0.003824773829621382,
    0.004427131836613019,
    0.007084237908323606,
    0.0034747484679787588,
    0.0056605566455385625,
    0.0035247118052286214,
    0.004990617195383096,
    0.022409653014097457,
    0.004363266851944037,
    0.004215024922234125,
    0.004055647861976654,
    0.003938111665730293,
    0.011250603559116522,
    0.004037166348395822,
    0.0039380879012437964,
    0.0036216414189682556,
    0.0032884743833580077,
    0.0046049706251002276,
    0.0038120774136712918,
    0.0031521218525580106,
    0.018956320090935782,
    0.0071974878342678916,
    0.0043365737203604135,
    0.004175422437584553,
    0.009239659846211092,
    0.0034535882072762036,
    0.0032532277641197046,
    0.006047869130778007,
    0.004405373338705454,
    0.00807966704169909,
    0.003046799336727231,
    0.004007002043131834,
    0.0029432021071895574,
    0.0034232190559403256,
    0.0037621067211222954,
    0.0030698808120229303,
    0.003959135294963534,
    0.0032370579280914403,
    0.0031090188143440547,
    0.0035664554647146128,
    0.0028803777885742675,
    0.002937525877346977,
    0.003128534298724471,
    0.002850797520711636,
    0.0028424328095160234,
    0.0028458487961250238,
    0.002823482998766196,
    0.0028161165997003896,
    0.002857091344224337,
    0.0028743534714270095,
    0.0027877251359705742,
    0.0027899914781730146,
    0.00278330115816341
  ]
}