{
  "name": "autoencoder",
  "architecture": "autoencoder",
  "params": 1732897,
  "best_val_loss": 0.0033342404205065506,
  "final_val_loss": 0.00337024057809359,
  "val_mse": 0.003334240522235632,
  "val_psnr": 24.77003074660385,
  "train_losses": [
    0.006992328903674275,
    0.005784373006100959,
    0.006093256126752427,
    0.005427257621713616,
    0.005174833440828902,
    0.004994906551919767,
    0.004986799897879925,
    0.004876116431442651,
    0.004769532632298878,
    0.004678798101706664,
    0.004430770221720582,
    0.004355518481368639,
    0.004315988744072385,
    0.004326794681726237,
    0.004308026623981282,
    0.0042396808226119005,
    0.004228437192733029,
    0.004289532146905518,
    0.004221993130826556,
    0.004191482238441344,
    0.00414684086379453,
    0.004191670518685207,
    0.004124533894412753,
    0.004135123252285476,
    0.004095239148911355,
    0.004099555486353182,
    0.00406468764768207,
    0.004049917911147943,
    0.00403339566366292,
    0.0040182512653199765,
    0.004035290646745086,
    0.004024656836858444,
    0.003979963548707697,
    0.003941540535861141,
    0.003932234766326251,
    0.0039027576330752586,
    0.003864648691083175,
    0.0038470331263727184,
    0.0038477185392669336,
    0.0038448944920862495,
    0.003811728442376844,
    0.0038065879606464614,
    0.003751420546134534,
    0.003731628019040936,
    0.00373140348885686,
    0.003694778335382521,
    0.0036841356729417434,
    0.003654595709163268,
    0.003618811939713544,
    0.0036025097579085712,
    0.003600579284146609,
    0.003545365030230017,
    0.0035245894697619232,
    0.0035004519405127496,
    0.003470353753269523,
    0.0034627474953424233,
    0.003428494392098625,
    0.003430825181747818,
    0.003429826195860802,
    0.0034043853906675792
  ],
  "val_losses": [
    0.00667006967541499,
    0.008645664391418298,
    0.005936493845895315,
    0.005634768428997352,
    0.0071823614071577025,
    0.00982277889091235,
    0.005070307462547834,
    0.007658518408544553,
    0.006646554405108476,
    0.005164389145584443,
    0.005203857211730419,
    0.006576921803255876,
    0.005125466098961157,
    0.005091040050849701,
    0.004732488888100936,
    0.012306763752339743,
    0.014879935425825608,
    0.006513760053098966,
    0.009724885440216614,
    0.017647936357519566,
    0.03650575968699578,
    0.005617077780935244,
    0.013058963463856623,
    0.015783172712112086,
    0.007113552535764682,
    0.006428962826060179,
    0.005627022439088577,
    0.01278809019865898,
    0.005154156371569022,
    0.0047492364540887184,
    0.011375179443603906,
    0.004092533459457068,
    0.004720714318637665,
    0.004143282700903141,
    0.017708488849875255,
    0.004503855451177328,
    0.004656628191184539,
    0.008821866842798698,
    0.005506276546571499,
    0.005732119458799179,
    0.003809249175664706,
    0.0039056951557405483,
    0.0043706948300584764,
    0.004608966539590023,
    0.0038013261647369618,
    0.006524556541385559,
    0.004180178092076228,
    0.004699329540897639,
    0.0035615459428383752,
    0.0035280272166411846,
    0.004613159807064594,
    0.003918554166284127,
    0.0035656220685595123,
    0.0033342404205065506,
    0.0038211919840138693,
    0.003373309177800249,
    0.0034183746772125747,
    0.003379849737080244,
    0.003340075438698897,
    0.00337024057809359
  ]
}