{
  "name": "unet_small",
  "architecture": "unet",
  "params": 482449,
  "best_val_loss": 0.002779960625160199,
  "final_val_loss": 0.002779960625160199,
  "val_mse": 0.0027799608651548624,
  "val_psnr": 25.55961317811033,
  "train_losses": [
    0.005239420551693573,
    0.004031694401030438,
    0.003784037506655261,
    0.0037030598664010263,
    0.003632354158832718,
    0.003618169208453131,
    0.0035410063875419328,
    0.003508231660474328,
    0.0034929786480877765,
    0.003511514224654991,
    0.003486963005826963,
    0.003459094607166936,
    0.003434050443045564,
    0.003423439614756307,
    0.0034678792920436173,
    0.0034258441121019574,
    0.003421566218210638,
    0.0033970505281951022,
    0.003391046937424363,
    0.0033891258180875445,
    0.003390503589217218,
    0.00336522750149251,
    0.0033793442235321974,
    0.0033762316729285214,
    0.0033403489390556548,
    0.003343615689253316,
    0.0033536530443556436,
    0.0033263109371382818,
    0.003327642502753358,
    0.0033230601614982133,
    0.0033116247796035007,
    0.003295876675005122,
    0.003271869758581403,
    0.0032734181793650434,
    0.0032893349725612304,
    0.00324459820636391,
    0.003270367135026074,
    0.0032585992037686903,
    0.0032361783220102146,
    0.0032137305897317436,
    0.00320567935387203,
    0.00319064221085978,
    0.003181370914588191,
    0.003206440668487758,
    0.0031782784787799745,
    0.0031492153832414936,
    0.003136935590209588,
    0.0031535179962438008,
    0.0031229748721793796,
    0.003132297364647994,
    0.0031097145271506386,
    0.00310621420771145,
    0.0031018520990454476,
    0.0030861193777090906,
    0.003074048555804248,
    0.0030888458322381723,
    0.003054531150058857,
    0.0030618519374570343,
    0.003060884638846564,
    0.003038356745522595
  ],
  "val_losses": [
    0.005146937760022971,
    0.005273001800553921,
    0.004419986957158797,
    0.004044772035991534,
    0.007005942787688512,
    0.003946714091759462,
    0.006036619611848623,
    0.004441195887346298,
    0.004322810811587633,
    0.0032943405645589033,
    0.0060517419697955635,
    0.010468012820451688,
    0.0033439645784883163,
    0.007774488732027702,
    0.0042501167207956315,
    0.014032825514292106,
    0.003690673296745771,
    0.004731289466413168,
    0.003754402095786272,
    0.003252233922577057,
    0.007489325023041321,
    0.003237964283101834,
    0.007234802222691285,
    0.003702493115590933,
    0.004508587986421891,
    0.007825641116270652,
    0.0032488379682390355,
    0.00895174647275454,
    0.004273375787605078,
    0.007062457942714294,
    0.003381574952449554,
    0.004029088133038618,
    0.003260177941037676,
    0.004088077035087806,
    0.003908022321665134,
    0.0034863390501302023,
    0.0031688193480173747,
    0.003713402521008482,
    0.004808112127849689,
    0.0035462853408012637,
    0.00395433226480889,
    0.0033504793969675517,
    0.004128752551877346,
    0.0035868755388909425,
    0.0034240399697461187,
    0.002886116802931214,
    0.002846727321306482,
    0.0029102148851140952,
    0.003125584857681623,
    0.002939877638545556,
    0.0028595288981420872,
    0.003093917552047433,
    0.0028055204606304567,
    0.003460760819606292,
    0.0028027777328418616,
    0.0028028037102940757,
    0.0028019010215902178,
    0.002792092139999836,
    0.002791726119004381,
    0.002779960625160199
  ]
}