{
  "name": "unet_small",
  "architecture": "unet",
  "params": 482449,
  "best_val_loss": 0.002793593132056487,
  "final_val_loss": 0.002793593132056487,
  "val_mse": 0.0027935930993407965,
  "val_psnr": 25.53836850755851,
  "train_losses": [
    0.005238601314117591,
    0.0040575551666198716,
    0.0038047979013584605,
    0.0037039971919466366,
    0.0036397744311263604,
    0.003628439807098022,
    0.0035493099930546624,
    0.0035198268637704625,
    0.0035065146156570367,
    0.0035301762130413097,
    0.0035096005775290826,
    0.003487779587864192,
    0.003466922302319393,
    0.0034585003127242148,
    0.0034990834848711446,
    0.0034746869304060294,
    0.003469254562226545,
    0.00343654675977292,
    0.003432147072982571,
    0.003433930496025363,
    0.003437203052987856,
    0.0034027319309250146,
    0.0034192261082722267,
    0.003412836605529634,
    0.003374627576525073,
    0.003376978875770059,
    0.003380009388732102,
    0.0033540708210832073,
    0.0033519529868998184,
    0.0033460012446918028,
    0.00333692445938806,
    0.003318268948092594,
    0.0032949985928617306,
    0.0032936343018407964,
    0.0033077611710986827,
    0.003265368037388312,
    0.003288367772776528,
    0.00327280436218911,
    0.003252369669503589,
    0.0032294392628487143,
    0.0032203985684313755,
    0.0032046036631517443,
    0.0031948154089864286,
    0.003219361570406097,
    0.0031903774512230384,
    0.0031608643932406278,
    0.0031472305919065086,
    0.0031624374738498497,
    0.003131970057877311,
    0.0031407726686146216,
    0.0031172862643936545,
    0.0031122866191734106,
    0.0031076348441126337,
    0.0030934274857851215,
    0.003081227839118757,
    0.003094080585833041,
    0.0030607716887234115,
    0.003068042520883615,
    0.0030679406371601076,
    0.0030448527795397117
  ],
  "val_losses": [
    0.0044715834814959615,
    0.004478243888857273,
    0.0038885794188349677,
    0.004221001769869756,
    0.0052623637426549045,
    0.003331819889255059,
    0.010258908069286591,
    0.003534968791004175,
    0.003327596914739563,
    0.0035749774022648733,
    0.006335354631241316,
    0.008887628462070073,
    0.003254645904764915,
    0.003871905580163002,
    0.004367324445778743,
    0.012686971377294798,
    0.003486221329523967,
    0.004921350782880416,
    0.003724901550807632,
    0.0033382669659570243,
    0.007520248632973585,
    0.00549083329593906,
    0.004308960097722518,
    0.0034520567189424466,
    0.005545218435999675,
    0.006131040266213509,
    0.003728654566101539,
    0.008084882916166233,
    0.0036558113519388896,
    0.004238704429127467,
    0.0033358877806518323,
    0.0030361992545807973,
    0.0033216106545371125,
    0.0041799714363729345,
    0.003921089725903212,
    0.003504793197632982,
    0.0031434744539169165,
    0.003434594888956501,
    0.005653398505006081,
    0.004110227865763964,
    0.004155026807043797,
    0.003541982926858159,
    0.004205300726283055,
    0.003769730400198545,
    0.00440947867404574,
    0.0029763215369521044,
    0.002838622686477044,
    0.0029559181649715474,
    0.003038641189535459,
    0.002851651465663543,
    0.002834834782884289,
    0.0029274108833991564,
    0.003014610494033266,
    0.0031949530916813855,
    0.0028506315186715278,
    0.0028240833056565277,
    0.002828272126424007,
    0.0028117445691560323,
    0.0028057315124151035,
    0.002793593132056487
  ]
}