{
  "name": "unet_large",
  "architecture": "unet",
  "params": 7699009,
  "best_val_loss": 0.0031184205871361954,
  "final_val_loss": 0.0031184205871361954,
  "val_mse": 0.0031184202525764704,
  "val_psnr": 25.060653576923198,
  "train_losses": [
    0.005118137499978628,
    0.0043130682619959716,
    0.004118302191473171,
    0.003970376203658609,
    0.0038853550231016357,
    0.003838060058178267,
    0.0038354629684144107,
    0.003803270184428666,
    0.003759139472601103,
    0.003770238536934138,
    0.003746164664776943,
    0.0037478279408605397,
    0.00377003964900156,
    0.003758416077883741,
    0.003717125743833671,
    0.0037414065747196296,
    0.003731835314403219,
    0.0037155369666685297,
    0.0037198611337555805,
    0.0037180829807794205,
    0.003702996569784929,
    0.0036741694721032572,
    0.0036921882130426836,
    0.003674907789574421,
    0.0036448837848890485,
    0.0036473448919044373,
    0.00363723437468975,
    0.0036596665840832247,
    0.0036336220054058975,
    0.0036126756229451712,
    0.0036284448245135557,
    0.0036332721093998827,
    0.0036077054946176837,
    0.0036133232685220747,
    0.0036069589690650924,
    0.0036141059499148497,
    0.0035845783556586537,
    0.0035532654517716083,
    0.0035642240896780805,
    0.0035767738498601554,
    0.003546571118478109,
    0.0035613923608331707,
    0.0035347885204109588,
    0.0035129538025988538,
    0.003521110961256441,
    0.00350680620704907,
    0.003491556721119846,
    0.0034782814909295554,
    0.0035049209739590583,
    0.003482562969055394,
    0.003463847363536094,
    0.0034642622450570225,
    0.0034584522537017357,
    0.0034486504867245592,
    0.0034425953920307227,
    0.003445411574361939,
    0.0034342879120778298,
    0.0034472227212313097,
    0.0034190146442045245,
    0.0034225426993349144
  ],
  "val_losses": [
    0.0047255925175089105,
    0.004151055222998063,
    0.004842845502381141,
    0.0045293659177155065,
    0.004020170809653325,
    0.004034079417395286,
    0.00549700322919167,
    0.005242568743056976,
    0.005212330987724738,
    0.007561165545231257,
    0.003657232729765849,
    0.004251332643131415,
    0.003966390165285422,
    0.003913009891238732,
    0.005984245197226604,
    0.005680284072668889,
    0.004433524957261024,
    0.005196012249455238,
    0.0035285433174039307,
    0.004448771878885917,
    0.0037624111379950475,
    0.003746618428386939,
    0.009831449481157157,
    0.003935666040350229,
    0.004059688331893622,
    0.0044375474903828056,
    0.003723811998199194,
    0.0043963306645552315,
    0.0036497538555891086,
    0.004943212081606571,
    0.003839593011742601,
    0.007990444178382556,
    0.004117717298750694,
    0.0034110044981711185,
    0.004259736678825739,
    0.008008806087458745,
    0.0033540758815331336,
    0.003349902671164809,
    0.003352323334473066,
    0.0037936665502209693,
    0.008079190557010663,
    0.004139674911991908,
    0.0033895012676620332,
    0.003377447668940593,
    0.0035753936607104083,
    0.0035540859023921,
    0.0036884359165261955,
    0.005439077168703079,
    0.0036906591941339847,
    0.0031904330262197897,
    0.003228471725462721,
    0.0032689263970137406,
    0.003273463036912756,
    0.003181443621332829,
    0.0031795474987190504,
    0.0031326611031993077,
    0.003169804562169772,
    0.003147156061604619,
    0.0031206006977038507,
    0.0031184205871361954
  ]
}