{
  "name": "u_net",
  "architecture": "unet",
  "params": 7699009,
  "best_val_loss": 0.0031571503106154436,
  "final_val_loss": 0.003188983310555291,
  "val_mse": 0.0031571504659950733,
  "val_psnr": 25.00704719661732,
  "train_losses": [
    0.0054208517054076194,
    0.004469809468785023,
    0.004280794427546126,
    0.004133603604957124,
    0.004015810672519658,
    0.003924104448458458,
    0.003884263766359195,
    0.003868493891460189,
    0.0038340192294481516,
    0.0038197415386962944,
    0.0038042465269391397,
    0.003768024805169075,
    0.003814798872384101,
    0.0037760694911577043,
    0.0037742075693918613,
    0.003738728117725923,
    0.0037637247022966184,
    0.0037522712168965044,
    0.003691324617272611,
    0.0037268611877527354,
    0.0037224768395051023,
    0.00370491653798797,
    0.003694859803914125,
    0.0037112702267752965,
    0.003706236786235736,
    0.0036716048326905183,
    0.003664739550587189,
    0.0036964221569663123,
    0.0036320584993612803,
    0.0036536903739211517,
    0.003637944215397332,
    0.0036350858434304302,
    0.0036072780427327702,
    0.003608302369090092,
    0.0036286531543137214,
    0.0036182215702502255,
    0.0035884411936291517,
    0.003581955773112551,
    0.0035775526546554283,
    0.0035663617244987645,
    0.0035741819425866707,
    0.003547080814947977,
    0.003537531145967734,
    0.0035533531650558093,
    0.0035157823266649723,
    0.0034969698642921348,
    0.0034655812298696417,
    0.0034925391056840373,
    0.003501310652588265,
    0.0034625353169420994,
    0.0034742400993004463,
    0.0034547002459447804,
    0.0034456940034901665,
    0.0034703967275819987,
    0.0034448433769965156,
    0.003417810849131817,
    0.00342489055756811,
    0.0034368613271287124,
    0.003411820535976468,
    0.003424032540292357
  ],
  "val_losses": [
    0.0042944734355705415,
    0.008212605401491508,
    0.007024477905092331,
    0.0041014435646944064,
    0.004683434568250026,
    0.006775617166780508,
    0.006443000468465253,
    0.0037250945960673,
    0.003929218841063925,
    0.005708581890401423,
    0.003813016878074815,
    0.0037381006767734505,
    0.004942057917260716,
    0.003947282203465191,
    0.00379341336301504,
    0.003930818596138404,
    0.004509489695804242,
    0.006157937999018747,
    0.004041558777133369,
    0.004465609278179641,
    0.003901824902774941,
    0.0037021799153114997,
    0.006067208582455786,
    0.0037669922194929206,
    0.0037601510733047613,
    0.004007258742379073,
    0.00607991411199427,
    0.014995659237297681,
    0.005241458386851427,
    0.005343265464035874,
    0.0038419848962280997,
    0.006578710048945032,
    0.003864789557380554,
    0.004004115019248337,
    0.003783825773300014,
    0.0038345717188193757,
    0.004365243932598422,
    0.003817999840228476,
    0.003640102301366054,
    0.0035286266088453877,
    0.003709401512821006,
    0.004897253506172162,
    0.0039495995107433225,
    0.0035383173087054592,
    0.0035972707564186335,
    0.004241161909686704,
    0.003541448630997513,
    0.003979708988888142,
    0.0035867252802619567,
    0.004035478020166485,
    0.003650572138209628,
    0.0035828360904039992,
    0.003215072179515647,
    0.0031938092171763764,
    0.0032307836016178385,
    0.0033416864154939977,
    0.0031899324037198327,
    0.0031571503106154436,
    0.003162406171695926,
    0.003188983310555291
  ]
}