{
  "name": "unet_combined",
  "architecture": "unet",
  "params": 1926433,
  "best_val_loss": 0.021018258608304537,
  "final_val_loss": 0.02175789170922377,
  "val_mse": 0.0026087176520377398,
  "val_psnr": 25.835729231219318,
  "train_losses": [
    0.030225554262558137,
    0.026507566642725033,
    0.025653590695195995,
    0.024884222628857925,
    0.024367986466841178,
    0.02409774834368071,
    0.023891068273267927,
    0.023832315893670325,
    0.023558608290818538,
    0.023525762019852396,
    0.023490514694518246,
    0.02340124833961891,
    0.023173458467208745,
    0.023270870280048626,
    0.02322878867417936,
    0.023048827282370503,
    0.022997668600979283,
    0.02299107318917508,
    0.023068923944564643,
    0.023003635380854492,
    0.022886396001888673,
    0.022855669274001147,
    0.022848201628960417,
    0.022702963813717066,
    0.022622039054247693,
    0.022674031035218,
    0.02261733250056523,
    0.02251255797953741,
    0.022446269231085513,
    0.022477111526929577,
    0.022389894933031316,
    0.022308032436148036,
    0.022157584952037183,
    0.022233431886444208,
    0.02205972645567496,
    0.02193008647032595,
    0.021902648863683025,
    0.021872137212037398,
    0.021664160347258352,
    0.021666062210514318,
    0.02152966403898842,
    0.021469964985704294,
    0.02129473404252497,
    0.02112064735498908,
    0.021011974963380902,
    0.02097785500078066,
    0.02078546362759372,
    0.020645834664825485,
    0.0204887237719558,
    0.020322841725509497,
    0.020122910024002495,
    0.020014367481434717,
    0.01992030196796786,
    0.019717475092101356,
    0.019671405876173505,
    0.019610785922178856,
    0.019512589268094776,
    0.019498123368311186,
    0.019441815336686076,
    0.01930826365676245
  ],
  "val_losses": [
    0.028493988882654753,
    0.03051476170619329,
    0.030430366465678583,
    0.025165204233848132,
    0.024425580702148952,
    0.023563068211078644,
    0.057943376654233686,
    0.025711076838465838,
    0.024973760151710267,
    0.02608337247218841,
    0.022865994163812735,
    0.022570280596995965,
    0.03053495867894246,
    0.02456025761480515,
    0.022881183375914892,
    0.026065295342451486,
    0.02417497531343729,
    0.02304512558457179,
    0.023337386057544977,
    0.02872077200657282,
    0.02303991243052177,
    0.025334602943979777,
    0.02752381497850785,
    0.022233580622153404,
    0.02231244667982444,
    0.029875236596816627,
    0.024048944535927895,
    0.02207304414648276,
    0.027757099461861147,
    0.031460994119063404,
    0.02139004471210333,
    0.021267926261211052,
    0.022593871825016463,
    0.02242659153464513,
    0.022739700371256243,
    0.022425180463454663,
    0.023007170009689454,
    0.02177984767044202,
    0.021737827240274503,
    0.02474082900545536,
    0.022455269801311004,
    0.022984784486202094,
    0.02137910668857587,
    0.02423619435001642,
    0.023641771076199337,
    0.021018258608304537,
    0.02141191202478531,
    0.021672611127679164,
    0.02138247598058138,
    0.02181943871653997,
    0.02149048917186566,
    0.021729714774932615,
    0.02179307164481053,
    0.021700251675569094,
    0.02166933466417667,
    0.02167218300012442,
    0.02172071289939758,
    0.021875448161974932,
    0.022016544961012328,
    0.02175789170922377
  ]
}