{
  "name": "unet_l1",
  "architecture": "unet",
  "params": 1926433,
  "best_val_loss": 0.039553071103799034,
  "final_val_loss": 0.040899405036217126,
  "val_mse": 0.002636677585542202,
  "val_psnr": 25.789429727399728,
  "train_losses": [
    0.05566518022423653,
    0.04879970248150118,
    0.047576600478486976,
    0.045975859399065476,
    0.04507839664937514,
    0.04447066194494726,
    0.04407730580663231,
    0.04377736998272006,
    0.04360316093915548,
    0.0436305371310949,
    0.04320013171868768,
    0.043000016953298435,
    0.04288879105617643,
    0.04275957170748196,
    0.042564099300527056,
    0.04258340523612161,
    0.04224361852816885,
    0.042630355754884795,
    0.04234216091121257,
    0.04219460112041468,
    0.04213043068021576,
    0.04193320746122584,
    0.0420912911707734,
    0.041953167472331306,
    0.041840951939222784,
    0.04180267735008608,
    0.04153249926633841,
    0.0415494032037242,
    0.04134565739416079,
    0.04098160831752898,
    0.040999449744679825,
    0.040994562611245275,
    0.040753674593008805,
    0.04060679399814361,
    0.04032674585618632,
    0.040028435992486726,
    0.03987443245112816,
    0.03952112456444304,
    0.039226293025309576,
    0.038965677140976894,
    0.03844799938512396,
    0.03831020458748466,
    0.037877355028300794,
    0.03743516843107387,
    0.03729637008467023,
    0.03690450023643562,
    0.03652544755704812,
    0.03613665443320989,
    0.03573510412182081,
    0.035465479062998344,
    0.0352628418632284,
    0.03488074954322636,
    0.03467415129788491,
    0.03449377576831864,
    0.03422775747161484,
    0.0340696916700053,
    0.03397951378493335,
    0.03388570292477022,
    0.03379690988233135,
    0.033903658830443856
  ],
  "val_losses": [
    0.050587830956165605,
    0.047106675199973275,
    0.09131067185065685,
    0.05191047784227591,
    0.04772697611114918,
    0.05367401418777613,
    0.048742880886181804,
    0.04247711344789236,
    0.04226535052061081,
    0.04129430554234065,
    0.04612614975525783,
    0.05253028775636966,
    0.050780231960308855,
    0.07446418484816185,
    0.04067271516109124,
    0.07367538157181862,
    0.04878859572303601,
    0.046878109944936554,
    0.04572259253034225,
    0.04395540734514212,
    0.04183408681398783,
    0.040921683961000196,
    0.0487059909869463,
    0.0470513116931304,
    0.04399703828952251,
    0.055479517254309774,
    0.042150307458180644,
    0.04373290372582583,
    0.04831529231789784,
    0.04478094669870841,
    0.040324612259864806,
    0.04889398776567899,
    0.045423826422446814,
    0.05611053803028204,
    0.049953373330525866,
    0.03974790808864129,
    0.047933684083131645,
    0.041039877900710474,
    0.04224093368420234,
    0.03982728912280156,
    0.03991351899428245,
    0.043172052460603225,
    0.03971377547352742,
    0.04198875613701649,
    0.039553071103799034,
    0.039676800737014184,
    0.04461957239569762,
    0.04579728424167022,
    0.040869975445362236,
    0.0400812525397692,
    0.04062840776183666,
    0.04114632609945077,
    0.04095774118334819,
    0.040499589271270314,
    0.04084545102256995,
    0.041103667750572545,
    0.041031303803126015,
    0.04083532665784542,
    0.04101024017120019,
    0.040899405036217126
  ]
}