{
  "name": "resnet_16blocks",
  "architecture": "resnet",
  "params": 1185025,
  "best_val_loss": 0.002555944873020053,
  "final_val_loss": 0.0027703900993443454,
  "val_mse": 0.0025559449568390846,
  "val_psnr": 25.92448503095191,
  "train_losses": [
    0.006730527126591014,
    0.0046204796944482205,
    0.004258799481503515,
    0.004090293891471528,
    0.0037833995351696063,
    0.0037321093808557943,
    0.0035911419793370203,
    0.0035153055211903676,
    0.0033501783137520154,
    0.0034135776789112372,
    0.0033286528946899693,
    0.0032428337692932884,
    0.003219845186122134,
    0.0031774750742659115,
    0.0031594011850162394,
    0.0031276090843879523,
    0.003107332006227552,
    0.00305959303257547,
    0.00303403466924844,
    0.0030225722350974474,
    0.002975310401641607,
    0.0029432365069902338,
    0.0029046866133200775,
    0.002911534265070832,
    0.002875273934227393,
    0.0028553796465434485,
    0.0028492111470500023,
    0.0028134758602425597,
    0.002779075697632494,
    0.002771672968779076,
    0.0027487307789580903,
    0.0027191378847493536,
    0.0027161044282423942,
    0.0027082136496976925,
    0.002675861407413214,
    0.0026718328773030226,
    0.0026261284081805776,
    0.0026071295262642415,
    0.0026004917813558007,
    0.002542876194340558,
    0.0025390482546608297,
    0.002496965207063999,
    0.0024642618982229436,
    0.002424970985894241,
    0.0023779133604097907,
    0.002362437671962899,
    0.0023106637013782013,
    0.0022756069603183794,
    0.0022390280573599936,
    0.002216721763909768,
    0.00219423531748822,
    0.002166369499628622,
    0.0021376972770451616,
    0.0021237971943045253,
    0.002101166425078011,
    0.0020998498515506225,
    0.0020951148358647497,
    0.0020829928033154425,
    0.0020798588375838703,
    0.002069978966766041
  ],
  "val_losses": [
    0.004933731973839876,
    0.005816440858806555,
    0.0037931001033538426,
    0.004440620842939004,
    0.004454597206069873,
    0.003587300450278398,
    0.003912647015964374,
    0.0033057880107886517,
    0.0044292883885403474,
    0.003651992664314233,
    0.003158842036739374,
    0.004879431558820682,
    0.004618271632740895,
    0.004221463250235105,
    0.0032593421950840797,
    0.0027604612576751374,
    0.004459395917753378,
    0.0028981221720385244,
    0.002983149294860852,
    0.003104849972595007,
    0.0032274077780162676,
    0.0027559501393578756,
    0.002766744368112622,
    0.0036232497765181157,
    0.002711950461499584,
    0.0027716822998645977,
    0.004911599673139744,
    0.002555944873020053,
    0.002629120742711119,
    0.0028963057618015087,
    0.0028990885720421105,
    0.003362904350535992,
    0.0026460967377687876,
    0.002602688936421122,
    0.002653955150491152,
    0.0027572587239914213,
    0.0029247247153081192,
    0.0027579891256605967,
    0.002621265452307386,
    0.003927356999319715,
    0.002612462755388174,
    0.0027709125813383324,
    0.0027771711979921046,
    0.0025950766443155514,
    0.0028042617733948505,
    0.002632050942390775,
    0.0026328336540609597,
    0.00270720201663864,
    0.002687668536001673,
    0.0027215445223144996,
    0.002840906167164063,
    0.002701363105279131,
    0.0027545384367784627,
    0.0027756844389324005,
    0.002812574107725269,
    0.0027722284460488036,
    0.0027433321923495103,
    0.0027793888840824364,
    0.0027670806529334724,
    0.0027703900993443454
  ]
}