name,architecture,params,best_val_loss,final_val_loss,val_mse,val_psnr
unet_small,unet,482449,0.002779960625160199,0.002779960625160199,0.0027799608651548624,25.55961317811033
unet_l1,unet,1926433,0.03976374436647464,0.04126008914067195,0.002664721105247736,25.74348238341038
