{
  "name": "unet_nvidia_loss",
  "architecture": "unet",
  "params": 1926433,
  "best_val_loss": 0.034948527102287,
  "final_val_loss": 0.03496481874050238,
  "val_mse": 0.002867475152015686,
  "val_psnr": 25.42500336770803,
  "train_losses": [
    0.05775461807505161,
    0.04684900248481034,
    0.04530522751482392,
    0.04396498814627387,
    0.04286169048645075,
    0.042320847344985695,
    0.041799053454246275,
    0.041392730653446855,
    0.04084486572707874,
    0.040662212740836035,
    0.04039664288120553,
    0.040170294455027615,
    0.03992044143670323,
    0.03981981394925581,
    0.03984377693329585,
    0.03952134082875593,
    0.039197067773615625,
    0.03933111380730402,
    0.039090289825450396,
    0.039035298166326504,
    0.03888600996571031,
    0.038772305111412095,
    0.0385578018475158,
    0.03870620393439343,
    0.03834612735631334,
    0.0383545596815153,
    0.038172564217154634,
    0.038103883231860584,
    0.038036314545050964,
    0.03791513708177527,
    0.03777307880150001,
    0.03771125137202653,
    0.03766963183638538,
    0.037608772925278436,
    0.03754327551053281,
    0.0373669343752417,
    0.037262220198286046,
    0.03718913078066791,
    0.0370321553149204,
    0.03689183610472602,
    0.03690076892212657,
    0.03671985066673051,
    0.03669365055949582,
    0.03648966640656293,
    0.0363799599068448,
    0.03628065505853066,
    0.036177688986465194,
    0.036101831525926165,
    0.035948824192549376,
    0.03579623849949373,
    0.035645247627647945,
    0.03554233673874505,
    0.03545764409478216,
    0.035318275639201625,
    0.03527295691965402,
    0.03515948474185991,
    0.03510527325263712,
    0.03504525772030698,
    0.03504064134780856,
    0.034993049044679855
  ],
  "val_losses": [
    0.05513226695549794,
    0.04455468436846366,
    0.04493512657972482,
    0.04678373877436687,
    0.04168437441954246,
    0.04600671503788386,
    0.041987450569868086,
    0.06580316937122589,
    0.040797353830092996,
    0.04229416005122356,
    0.04406067207455635,
    0.04534028146129388,
    0.04027247531291766,
    0.03949371229379605,
    0.04737538038920133,
    0.0405601478043275,
    0.040773100486168494,
    0.040905835200578736,
    0.039191981378274086,
    0.03839381823555017,
    0.038817550937334695,
    0.03826731244723002,
    0.040147174103901936,
    0.03841480178328661,
    0.037817172839855535,
    0.0388285178786669,
    0.03859107889043979,
    0.03962429121136665,
    0.03848385070378964,
    0.03754045889927791,
    0.03778873676290879,
    0.038883607330230566,
    0.03968210185185457,
    0.03755110707038488,
    0.03802879840135574,
    0.03694480482584391,
    0.043207089148270775,
    0.03796503126239165,
    0.03764610016575226,
    0.037812971556798004,
    0.03626780192439373,
    0.036115493377049765,
    0.03671607113801516,
    0.03569545064599086,
    0.03917452158836218,
    0.03576335585652254,
    0.036121445600038916,
    0.03543155455054381,
    0.03536340275636086,
    0.03749298525162232,
    0.035297706600947255,
    0.03522698108584453,
    0.03559360715823296,
    0.03510480784070798,
    0.035221706307851354,
    0.034948527102287,
    0.03499239790516022,
    0.03495815598429778,
    0.03502352917423615,
    0.03496481874050238
  ]
}