{
  "name": "unet_l1",
  "architecture": "unet",
  "params": 1926433,
  "best_val_loss": 0.03976374436647464,
  "final_val_loss": 0.04126008914067195,
  "val_mse": 0.002664721105247736,
  "val_psnr": 25.74348238341038,
  "train_losses": [
    0.05282279736077094,
    0.047916101623482386,
    0.046603789991936706,
    0.04577549345741066,
    0.0450706020369623,
    0.044516424195848496,
    0.04424722420944054,
    0.043697733869838974,
    0.04359491059252447,
    0.04345470610096065,
    0.043270689438872655,
    0.043335028370382334,
    0.042904624326227485,
    0.042663423317445597,
    0.04284778952699119,
    0.0425347930424207,
    0.0425185469362015,
    0.042494836362146654,
    0.04224713287694573,
    0.04221760417587361,
    0.04214581901828448,
    0.04197226048159374,
    0.0419807436056787,
    0.04160301296093203,
    0.041704453524709875,
    0.04171467363190876,
    0.04124483388525593,
    0.041087400672326364,
    0.04095377919182443,
    0.04103204101203424,
    0.04074676444716299,
    0.04081324488728957,
    0.040482367085702665,
    0.040419272393108864,
    0.04013361025576489,
    0.03985410834231518,
    0.03974412912158509,
    0.039384485420025636,
    0.03931245142028399,
    0.03891073532673994,
    0.03865581081162098,
    0.03833645896973559,
    0.03791375041933034,
    0.03763979911402009,
    0.03740256471873617,
    0.03709657870967057,
    0.03669522696721409,
    0.03628312756919507,
    0.03618317078019765,
    0.03584766986881673,
    0.03552650839351771,
    0.03545482467985668,
    0.03506969731406644,
    0.034979926061976134,
    0.03466200443173227,
    0.034663455288620935,
    0.03463972823420356,
    0.03445792282741723,
    0.034480485441150614,
    0.03434709558813919
  ],
  "val_losses": [
    0.05633116064163355,
    0.051392278579565194,
    0.043381588203020585,
    0.051835421847227295,
    0.05404076559039263,
    0.048922994736677564,
    0.042370758213293856,
    0.043172962417205175,
    0.04243298132068071,
    0.058266725211571425,
    0.046928071811413154,
    0.04896017852884073,
    0.04363965735985682,
    0.0472890057357458,
    0.04865276546432422,
    0.0502159198698325,
    0.04262311375293976,
    0.042406085714315755,
    0.04343207417008205,
    0.08090534813893147,
    0.05724247254622288,
    0.04626339709911591,
    0.041292516252933405,
    0.042390250980089875,
    0.04584342399468789,
    0.05003614886448934,
    0.05231792555023462,
    0.04200715860877281,
    0.03976374436647464,
    0.041294772502703546,
    0.046151210956084425,
    0.04135534301018103,
    0.04159056081603735,
    0.04443094621102015,
    0.042364821361425595,
    0.042022976145530355,
    0.04093137162618148,
    0.042989957909553476,
    0.059289197478538905,
    0.0464740577683999,
    0.04941685450764803,
    0.05845395098129908,
    0.04271669991887533,
    0.04088191446967614,
    0.04064761794530428,
    0.04197911717188664,
    0.042552671123009464,
    0.04084383966831061,
    0.040772954279031506,
    0.040449848702320684,
    0.04198708550670208,
    0.041987742697581265,
    0.04035541743040085,
    0.040647552452790434,
    0.041287338565557434,
    0.041294020945445084,
    0.041598400255808465,
    0.04091885873904595,
    0.04089943878161602,
    0.04126008914067195
  ]
}