name,architecture,params,best_val_loss,final_val_loss,val_mse,val_psnr
unet_l1,unet,1926433,0.039553071103799034,0.040899405036217126,0.002636677585542202,25.789429727399728
unet_nvidia_loss,unet,1926433,0.034948527102287,0.03496481874050238,0.002867475152015686,25.42500336770803
unet_combined,unet,1926433,0.021018258608304537,0.02175789170922377,0.0026087176520377398,25.835729231219318
