name,architecture,params,best_val_loss,final_val_loss,val_mse,val_psnr
resnet_16blocks,resnet,1185025,0.002555944873020053,0.0027703900993443454,0.0025559449568390846,25.92448503095191
