name,architecture,params,best_val_loss,final_val_loss,val_mse,val_psnr
unet_adamw,unet,1926433,0.0026472195027730403,0.002954031928705099,0.002647219691425562,25.7721001532325
unet_large_batch,unet,1926433,0.002789032464990249,0.002789032464990249,0.0027890324126929045,25.54546438558663
