{
  "name": "u_net_attention",
  "architecture": "unet_attention",
  "params": 7786602,
  "best_val_loss": 0.0025588489834091855,
  "final_val_loss": 0.002866734009888819,
  "val_mse": 0.0025588490534573793,
  "val_psnr": 25.919553323949707,
  "train_losses": [
    0.004473704797135691,
    0.003583038019263614,
    0.0032958856573522227,
    0.0031710659871987583,
    0.003075718924285195,
    0.002994395950640556,
    0.002884918533569008,
    0.0028429890906671415,
    0.0028094712138558046,
    0.0027227773419461953,
    0.0026800987831152537,
    0.0026549352343906373,
    0.002566158424776334,
    0.00245779115731967,
    0.0023765814731664518,
    0.002256909004984308,
    0.0021645199056703535,
    0.0020141997114441965,
    0.00195033273773428,
    0.001815847913147446,
    0.0017236281576992025,
    0.0016127581534370623,
    0.0015361367511319988,
    0.001485605167076104,
    0.0014087887177788856,
    0.0013301727944791183,
    0.0012895786686032045,
    0.0012356145020509714,
    0.0011954855437700947,
    0.0011750487143210337,
    0.0011391402843097846,
    0.001120287208876897,
    0.0010834615332528184,
    0.0010542701679628853,
    0.0010214307855991689,
    0.0010165402927818016,
    0.0010037525703949324,
    0.0009790229613767716,
    0.0009542490359392933,
    0.0009199015836289004,
    0.0009162164476790029,
    0.0009224857665530966,
    0.0008860116996795366,
    0.000874105708162282,
    0.0008495896016381018,
    0.0008561036569034037,
    0.0008407066444912714,
    0.0008274911896488594,
    0.0008296650453564763,
    0.0008203687618077813,
    0.0008084109592951025,
    0.0008024468446090019,
    0.00079624195864809,
    0.0007956330126416933,
    0.0007874409006739971,
    0.0007864812412720629,
    0.000782344215574111,
    0.0007822086113304192,
    0.0007766848384524902,
    0.0007793284315920715
  ],
  "val_losses": [
    0.004884486590854378,
    0.004907371559076839,
    0.005573248117843754,
    0.0031121501630633815,
    0.003179970608594326,
    0.0033746224032858243,
    0.0026083152340804663,
    0.0027995350467375454,
    0.0025588489834091855,
    0.002879180100738493,
    0.0030739477929523865,
    0.0028343780841837583,
    0.002705468671539655,
    0.003104215963051105,
    0.004960662779262942,
    0.0031655656662570616,
    0.0027500408503394096,
    0.0032614151996552434,
    0.0029411574207946784,
    0.0031103093022655727,
    0.0028296123820747065,
    0.0028744701237186916,
    0.002858537100892291,
    0.0028773382642011867,
    0.0028756342886381934,
    0.0029371256557189757,
    0.0028756184220059306,
    0.002897479588118119,
    0.002860053597241003,
    0.0032069876100708785,
    0.002898305783796514,
    0.0031200428707445532,
    0.002854991607909274,
    0.0028758333429184735,
    0.0030587890131287595,
    0.0029796486472090087,
    0.0028926007523655127,
    0.003169557117403318,
    0.002921180221705865,
    0.0028847588078938745,
    0.0029987486943793603,
    0.0028171356247626562,
    0.0028824215738150554,
    0.002864780457547078,
    0.00298249728165758,
    0.0028785340295324467,
    0.002861343465236008,
    0.0028792929775121375,
    0.0028657013569504787,
    0.002907406395046502,
    0.002899787984231216,
    0.002861012684372373,
    0.0028663886387028503,
    0.0028563532174334058,
    0.00288398763578799,
    0.0028741734294204886,
    0.0028637473407782553,
    0.0028691317313788538,
    0.0028706720188005357,
    0.002866734009888819
  ]
}