{
  "name": "unet_adamw",
  "architecture": "unet",
  "params": 1926433,
  "best_val_loss": 0.0026472195027730403,
  "final_val_loss": 0.002954031928705099,
  "val_mse": 0.002647219691425562,
  "val_psnr": 25.7721001532325,
  "train_losses": [
    0.005174040027269428,
    0.0037476619366209516,
    0.0035300253206730775,
    0.003302429864590286,
    0.0031620054719429186,
    0.0030715309652938495,
    0.0030173719555325555,
    0.0029452573735261897,
    0.0028933952537374056,
    0.002872979542876464,
    0.0027774961785552834,
    0.0027335356840645134,
    0.0026843201915272255,
    0.0026221467087148374,
    0.0025377707872992223,
    0.0024652444345275803,
    0.0023480864663013882,
    0.0023089611389914303,
    0.0021973588789955243,
    0.002105973161337206,
    0.0020096715793450955,
    0.0018997046576031105,
    0.0018414893012629588,
    0.0017642947047503913,
    0.0016824320672700803,
    0.00161618529005773,
    0.0015501347043225982,
    0.0015076206831698897,
    0.0014535748613583536,
    0.0013803176157045783,
    0.0013658540013689905,
    0.0013364769624138952,
    0.001293091055850389,
    0.0012638808038983086,
    0.0012267813257943441,
    0.0012005861471539084,
    0.001174783904347996,
    0.0011664423245406244,
    0.001138672046677565,
    0.0011045052134714688,
    0.001079041971184072,
    0.0010721219882467074,
    0.0010466913687814325,
    0.0010157623553683783,
    0.0010204848640016438,
    0.0010048995364153213,
    0.0010049186685523483,
    0.0009779128911509083,
    0.0009694104261291634,
    0.0009572138543135151,
    0.0009536017369046586,
    0.0009380830980349689,
    0.0009397030079092544,
    0.0009284899913920806,
    0.0009210866742469521,
    0.0009173063638804835,
    0.0009147560524982972,
    0.0009116937062613837,
    0.0009107132171351065,
    0.0009113200564771971
  ],
  "val_losses": [
    0.004393976320727513,
    0.0031986837380398544,
    0.004893383206560826,
    0.0033588668563140508,
    0.003071258896484207,
    0.003391238447183218,
    0.002771840473302664,
    0.003014653033266465,
    0.003648773968601838,
    0.0027040180566314702,
    0.0026729636718160832,
    0.0034691137347656947,
    0.0028157757105640112,
    0.0038341628588162936,
    0.0026472195027730403,
    0.004185963004158857,
    0.002783265254722956,
    0.004021055888480101,
    0.0028842501471248957,
    0.003173937361735182,
    0.0029140214139643386,
    0.002945692436292003,
    0.003895513859983438,
    0.0037098340857296417,
    0.0031518393434966222,
    0.002951857599979028,
    0.0029648309520995007,
    0.003080010264634322,
    0.0030989807562377208,
    0.002832195031432769,
    0.003165007275648606,
    0.0031685880005646212,
    0.003127885111488211,
    0.002914896071291505,
    0.0028807947144676477,
    0.0029418353860576948,
    0.0031470108550423993,
    0.002993278468075471,
    0.0030094455158672273,
    0.0030983876114567886,
    0.002957439499740035,
    0.0029677177196702894,
    0.0029682611991675234,
    0.002968173754425385,
    0.0029654207305075267,
    0.0029600877911807634,
    0.0030016133385017897,
    0.002934691702039578,
    0.0029856020897531354,
    0.002951192303489034,
    0.002954729644056314,
    0.0029757880180692063,
    0.0029473333115665576,
    0.002977986421961433,
    0.0029482662355384,
    0.0029714514365276464,
    0.0029641885661448424,
    0.002960132546006487,
    0.002945809543896944,
    0.002954031928705099
  ]
}